{
    "buildings": [
        {
            "name": "Maths Building",
            "address": "123 Test St",
            "id": 0
        },
        {
            "name": "Purdie Building",
            "address": "123 Sample Ave",
            "id": 3
        }
    ],
    "rooms": [
        {
            "name": "Lecture Hall A",
            "buildingId": 0,
            "id": 1
        },
        {
            "name": "Lecture Hall B",
            "buildingId": 0,
            "id": 6
        },
        {
            "name": "Lab",
            "buildingId": 0,
            "id": 4
        },
        {
            "name": "Meeting Room",
            "buildingId": 0,
            "id": 5
        }
    ],
    "people": [
        {
            "name": "Bob Smith",
            "email": "bsmith@gmail.com",
            "id": 2
        },
        {
            "name": "Alice Doe",
            "email": "alice@gmail.com",
            "id": 7
        }
    ],
    "bookings": [
        {
            "date": [
                2022,
                12,
                11
            ],
            "startTime": [
                11,
                0
            ],
            "endTime": [
                12,
                0
            ],
            "owner": {
                "name": "Bob Smith",
                "email": "bsmith@gmail.com",
                "id": 2
            },
            "venue": {
                "name": "Lecture Hall A",
                "buildingId": 0,
                "id": 1
            }
        },
        {
            "date": [
                2022,
                5,
                4
            ],
            "startTime": [
                11,
                0
            ],
            "endTime": [
                12,
                0
            ],
            "owner": {
                "name": "Alice Doe",
                "email": "alice@gmail.com",
                "id": 7
            },
            "venue": {
                "name": "Lecture Hall B",
                "buildingId": 0,
                "id": 6
            }
        },
        {
            "date": [
                2022,
                12,
                8
            ],
            "startTime": [
                17,
                0
            ],
            "endTime": [
                18,
                0
            ],
            "owner": {
                "name": "Alice Doe",
                "email": "alice@gmail.com",
                "id": 7
            },
            "venue": {
                "name": "Lecture Hall B",
                "buildingId": 0,
                "id": 1
            }
        },
        {
            "date": [
                2022,
                12,
                12
            ],
            "startTime": [
                16,
                0
            ],
            "endTime": [
                18,
                0
            ],
            "owner": {
                "name": "Alice Doe",
                "email": "alice@gmail.com",
                "id": 7
            },
            "venue": {
                "name": "Lecture Hall A",
                "buildingId": 0,
                "id": 6
            }
        },
        {
            "date": [
                2022,
                2,
                6
            ],
            "startTime": [
                11,
                0
            ],
            "endTime": [
                13,
                0
            ],
            "owner": {
                "name": "Alice Doe",
                "email": "alice@gmail.com",
                "id": 7
            },
            "venue": {
                "name": "Lab",
                "buildingId": 0,
                "id": 4
            }
        }
    ],
    "id": 8,
    "name": "University of St Andrews",
    "buildingsMap": {
        "0": {
            "name": "Maths Building",
            "address": "123 Test St",
            "id": 0
        },
        "3": {
            "name": "Purdie Building",
            "address": "123 Sample Ave",
            "id": 3
        }
    },
    "personMap": {
        "2": {
            "name": "Bob Smith",
            "email": "bsmith@gmail.com",
            "id": 2
        },
        "7": {
            "name": "Alice Doe",
            "email": "alice@gmail.com",
            "id": 7
        }
    },
    "roomMap": {
        "1": {
            "name": "Lecture Hall A",
            "buildingId": 0,
            "id": 1
        },
        "4": {
            "name": "Lab",
            "buildingId": 0,
            "id": 4
        },
        "5": {
            "name": "Meeting Room",
            "buildingId": 0,
            "id": 5
        },
        "6": {
            "name": "Lecture Hall B",
            "buildingId": 0,
            "id": 6
        }
    }
}